www.MaryJane'sBlog.com,blogs,mary Jane,bicycles,bikes
www.Bicycle'sAreUs.com,bikes
www.BikeShop.com,bikes,bicycles,shop,store,bicycle shop
www.BigShaq'sBlog.com,blogs,big shaq,rap
www.ColeWorld.com,j-cole
www.DreamVille.com,j-cole
www.SportsCenter.com,sports,shop,store
www.FootyStats.com,football,stats,goals,assists,player
www.MessiTheGoat.com,messi,football,goals,assists,barcelona,psg
www.RonaldoTheGoat.com,ronaldo,football,player,real madrid,manchester
www.test1.com,data,structures,complexity
www.test2.com,machine,learning
www.test3.com,programming,complexity,procedural,objects
www.test4.com,programming,java,python,objects
www.test5.com,cpp,java,pointers,objects
www.test6.com,algorithms
www.test7.com,complexity,ctr,pagerank
www.test8.com,messi,ronaldo,neymar,salah
www.test9.com,messi,abotreeka,hosam,ghaly
www.test10.com,ronaldo,marcelo,barakat,programming
www.test11.com,pointers,ctr,pagerank,java,python
www.test12.com,objects,data,structures
www.test13.com,football,volleyball,basketball,ball
www.test14.com,hassan,morcos,sameh,hussien,adel
www.test15.com,morcos,objects,data,salah
www.test16.com,abotreeka,structures,neymar
www.test17.com,saurez,cpp,complexity,python
www.test18.com,ball,pool,playground,fool
www.test19.com,play,music,sound,eat,listen
www.test20.com,music,pool,cpp,ctr
www.test21.com,amazing
www.test22.com,wonderful,sound,eat,wow,sleep
www.test23.com,play,ball,pointers,pagerank,objects
www.test24.com,ghaly,hosam,cpp,pointers,listen
www.test25.com,abotreeka,pool,complexity,listen
www.test26.com,messi,ronaldinho,salah,complexity
www.test27.com,listen,sleep,play,football,ball
www.test28.com,python,cpp,complexity,machine
www.test29.com,algorithms,amazing
www.test30.com,cpp,python,java,listen
www.test31.com,fool,salah,sara,omar
www.test32.com,omar,algorithms,cpp,ctr
www.test33.com,seif,safe,safely,omar,mostafa
www.test34.com,ozlot,sound,eat,neymar
www.test35.com,algorithms